<?xml version="1.0" encoding="UTF-8"?>
<!DOCTYPE hibernate-configuration PUBLIC "-//Hibernate/Hibernate Configuration DTD//EN"
                                        "http://hibernate.sourceforge.net/hibernate-configuration-3.0.dtd">
<hibernate-configuration>
 <session-factory>
 
   
  <property name="hibernate.connection.driver_class">com.mysql.jdbc.Driver</property>
  <property name="hibernate.connection.url">jdbc:mysql://localhost:3306/atm</property>
  <property name="hibernate.connection.username">root</property>
  <property name="hibernate.connection.password">deepak</property>
  <property name="show_sql">true</property>
  <property name="dialect">org.hibernate.dialect.MySQLDialect</property>
  <property name="hibernate.hbm2ddl.auto">update</property>
  <mapping class="com.org.bean.Admin"/>
  <mapping class="com.org.bean.Users"/>
  <mapping class="com.org.bean.Account"/>
  <mapping class="com.org.bean.Transaction1"/>
  <mapping class="com.org.bean.ChequeBook"/>
 </session-factory>
</hibernate-configuration>
